Neighborhood Tabulation Area Code (NTA Code),Neighborhood Tabulation Area Name (NTA NAME),Borough Name,Total Population,Population Density (per Sq. Mi.),Total Number of Households,Area (Sq. Mi.),Street Mileage,Home Broadband Adoption (Percentage of Households),"Home Broadband Adoption by Quartiles (High, Medium-High, Medium-Low, Low)",Mobile Broadband Adoption (Percentage of Households),"Mobile broadband adoption by Quartiles (High, Medium-High, Medium-Low, Low)",Mobile Dependent Households (Percentage of Households),"Mobile Dependent Households Categorized by Quartiles (High, Medium-High, Medium-Low, Low)",Residential Broadband Choice Average by NTA,"Residential Broadband Choice Average by Quartiles (High, Medium-High, Medium-Low, Low)",Commercial Fiber ISP Choice Average by NTA,"Commercial Fiber Choice Average by Quartiles (High, Medium-High, Medium-Low, Low)",Commercial Fiber Max ISP Choice by NTA,"Commercial Fiber Max ISP Choice by Quartiles (High, Medium-High, Medium-Low, Low)",Percentage of Blocks without a Commercial Fiber Provider,Percentage of Blocks without a Commercial Fiber Provider by Quartiles,Percentage of Blocks with ISP Reported Speed Availability of >=25 Mbps (Broadband Speed),Percentage of Blocks with ISP Reported Speed Availability of >=900 Mbps,Number of Public Computer Centers with free public Wi-Fi,Public Wi-Fi in NYC Count,Number of Free Public Wi-Fi Access Points in a Pedestrian Corridor,Available Free Public Wi-Fi in a Pedestrian Corridor (Y/N),Estimated Number of Businesses,Number of Households,Total Accounts,Account Density,Account Density Quartile,Population Projections 2050,Households Receiving Benefits,Estimated Lifeline Eligible Households,Supportive Housing (NYCDHS),Low-Income Housing (NYCHA),Presence of IBZs,Number of NYCHA Buildings,Number of Public Schools,Number of DCAS Buildings,Number of NYC H+H Buildings,City Buildings with High Rooftops (7+ Floors) Capacity by Quartile,Street Furniture: FDNY Call Boxes,Street Furniture: Parking Pay Stations,Street Furniture: Bus Stop Shelters,Street Furniture: Bike Shelters,Street Furniture: City Benches,LinkNYC Kiosks,Poles Reserved by Mobile Telecom Franchisee,Pole with Equipment Installed by Mobile Telecom Franchise,Density of Poles Reserved and with Equipment Installed for Mobile Telecom Franchise,Mobile Telecom Franchise Pole Density Level by Quartile,Empire City Subway Coverage (Percentage),Empire City Subway Coverage (Quartile),Percentage of Households with fewer than 3 broadband options available,Number of Fixed Wireless Providers Available,Estimated Aerial Plant Coverage (Percentage),Estimated Underground Plant Coverage (Percentage),Geographic Variations in Fiber Delivery Modes by NTA,Estimated Underground Utility Conflict Volume,Utility Pole Make-Ready - Estimated Required Number of Moves,Utility Pole Make-Ready - Estimated Relative Volume,NYC Internet Master Plan Open Access Infrastructure Cost Comparison Coefficient,NYC Internet Master Plan Open Access Infrastructure Cost Comparison Coefficient by Quartile,"Fiber Drops, Estimated Relative Costs","Indoor Cabling for Multiple Dwelling Units, Estimated  Relative Costs","Optimal for Unlicensed
Millimeter Wave Fixed Wireless Access as a Residential
Broadband Solution","Percentage Optimal for Unlicensed
Millimeter Wave Fixed Wireless Access as a Residential
Broadband Solution",Estimated number of radio sites for CBRS coverage,Estimated number of radio sites for mmWave coverage in optimal areas,Sample of NTA Field Surveyed? (Y/N),Reviewed for Underground Fiber-to-the-Premise? (Y/N),Reviewed for Aerial Fiber-to-the-Premise? (Y/N),Reviewed for Millimeter Wave Fixed Wireless Access? (Y/N),Field Survey Findings,Neighborhood,Latitude,Longitude,geometry,index_right,neighbourhood,neighbourhood_group
MN01,Marble Hill-Inwood,Manhattan,52529,82076.56,19828,0.64,20,0.652,Medium Low Connected,0.7773,Medium Low Connected,0.13,High Connected,1.65,Low,2.52,High,5,High,0,Low,1,0.97,4,2,1,True,729.0,19828,20345.0,1017.0,High,52432.0,631,4485,0,2270,False,8,20,3,0,High,32,56,17,0,11,0,3,20,1.15,High,0.43,Medium High,0.97,2.0,0.43,0.87,Above and Underground Network,High,4.5,High,0.21,Low,High,Low,YES,0.46,159.0,51.0,YES,YES,NO,NO,Average underground interference from existing utilities.,Marble Hill-Inwood,40.8699,-73.9172,POINT (-73.9172 40.8699),131.0,Inwood,Manhattan
MN03,Central Harlem North-Polo Grounds,Manhattan,86144,94663.74,34734,0.91,43,0.6675,Medium Low Connected,0.7753,Medium Low Connected,0.11,High Connected,1.78,Low,2.67,High,5,High,0,Low,1,0.99,13,101,60,True,415.0,34734,36560.0,850.0,High,78790.0,2502,6641,148,15264,False,27,30,9,3,High,67,48,44,0,23,37,13,40,1.23,High,0.36,Medium High,0.97,2.0,0.07,0.97,Above and Underground Network,High,4.5,High,0.38,Medium Low,High,Low,YES,0.39,55.0,13.0,YES,YES,NO,NO,High underground interference from existing utilities.,Central Harlem North-Polo Grounds,40.8158,-73.9401,POINT (-73.9401 40.8158),119.0,Harlem,Manhattan
MN04,Hamilton Heights,Manhattan,52510,90534.48,19391,0.58,26,0.7633,Medium High Connected,0.8249,Medium High Connected,0.07,Medium Low Connected,1.58,Low,2.34,High,4,High,0,Low,1,0.87,2,63,53,True,723.0,19391,20244.0,779.0,High,49470.0,748,3191,328,446,False,1,6,1,0,Medium Low,59,50,18,0,14,52,11,49,2.31,High,0.37,Medium High,0.88,2.0,0.0,0.89,Underground Network Areas,High,4.5,High,0.21,Low,High,Low,YES,0.43,139.0,4.0,NO,NO,NO,NO,NONE,Hamilton Heights,40.8241,-73.9507,POINT (-73.9507 40.8241),119.0,Harlem,Manhattan
MN06,Manhattanville,Manhattan,23769,62550.0,10213,0.38,17,0.6768,Medium Low Connected,0.7653,Low Connected,0.09,Medium High Connected,1.45,Low,2.07,High,4,High,0,Low,1,0.9,1,19,15,True,931.0,10213,9359.0,551.0,Medium High,23306.0,380,2202,27,3183,False,4,20,3,0,Medium Low,30,11,17,0,2,15,3,12,0.88,Medium High,0.28,Medium Low,0.86,2.0,0.0,0.92,Underground Network Areas,Average,4.5,High,0.1,Low,Average,Average,YES,0.8,55.0,12.0,NO,NO,NO,NO,NONE,Manhattanville,40.8134,-73.9572,POINT (-73.9572 40.8134),160.0,Morningside Heights,Manhattan
MN09,Morningside Heights,Manhattan,54801,76112.5,19599,0.72,35,0.7519,Medium High Connected,0.8098,Medium High Connected,0.04,Low Connected,1.97,Medium High,2.81,High,5,High,0,Low,1,0.91,6,42,39,True,1532.0,19599,20845.0,596.0,Medium High,56243.0,270,1774,72,4282,False,4,8,0,1,Medium High,57,79,40,0,10,37,10,44,1.54,High,0.36,Medium High,0.64,3.0,0.0,0.9,Underground Network Areas,High,4.5,High,0.22,Low,High,Low,YES,0.67,50.0,2.0,NO,NO,NO,NO,NONE,,,,POINT EMPTY,,,
MN11,Central Harlem South,Manhattan,49945,96048.08,20143,0.52,25,0.7333,Medium High Connected,0.7997,Medium Low Connected,0.08,Medium Low Connected,1.87,Medium Low,2.86,High,5,High,0,Low,1,1.0,2,69,41,True,702.0,20143,20731.0,829.0,High,47279.0,726,2477,276,3535,False,6,24,2,2,Medium High,44,92,36,0,14,28,8,32,1.6,High,0.46,Medium High,0.9,3.0,0.0,1.0,Underground Network Areas,High,4.5,High,0.21,Low,High,Low,YES,0.6,132.0,38.0,NO,NO,NO,NO,NONE,Central Harlem South,40.8051,-73.9513,POINT (-73.9513 40.8051),119.0,Harlem,Manhattan
MN12,Upper West Side,Manhattan,130223,105872.36,63305,1.23,56,0.8166,High Connected,0.8495,High Connected,0.06,Low Connected,2.49,High,3.11,High,6,High,0,Low,1,0.92,5,143,140,True,2042.0,63305,67047.0,1197.0,High,133842.0,1046,3452,1171,11930,False,13,24,1,0,High,102,208,61,0,45,136,7,136,2.55,High,0.45,Medium High,0.5,3.0,0.0,0.92,Underground Network Areas,High,4.5,High,0.72,Medium Low,High,Low,YES,0.07,90.0,25.0,NO,NO,NO,NO,NONE,Upper West Side,40.787,-73.9754,POINT (-73.9754 40.787),219.0,Upper West Side,Manhattan
MN13,Hudson Yards-Chelsea-Flat Iron-Union Square,Manhattan,77490,58263.16,44426,1.33,58,0.8333,High Connected,0.8746,High Connected,0.06,Low Connected,2.22,High,4.87,High,12,High,0,Low,1,1.0,5,156,110,True,5410.0,44426,48127.0,830.0,High,96102.0,890,1395,849,4545,False,10,23,6,0,High,30,494,32,3,27,98,32,111,2.47,High,0.74,High,0.16,2.0,0.0,0.92,Underground Network Areas,High,4.5,High,0.51,Medium Low,High,Low,YES,0.04,27.0,10.0,NO,NO,NO,NO,NONE,Hudson Yards-Chelsea-Flat Iron-Union Square,40.7549,-73.9945,POINT (-73.9945 40.7549),121.0,Hell's Kitchen,Manhattan
MN14,Lincoln Square,Manhattan,63920,112140.35,34793,0.57,31,0.8663,High Connected,0.8862,High Connected,0.05,Low Connected,2.47,High,3.53,High,8,High,0,Low,1,0.96,6,52,52,True,2220.0,34793,35043.0,1130.0,High,68056.0,444,856,0,2623,False,6,12,1,0,High,43,130,32,0,10,38,10,55,2.1,High,0.51,High,0.35,3.0,0.0,0.93,Underground Network Areas,High,4.5,High,0.37,Medium Low,High,Low,NO,0.0,47.0,27.0,NO,NO,NO,NO,NONE,Lincoln Square,40.7737,-73.9857,POINT (-73.9857 40.7737),219.0,Upper West Side,Manhattan
MN15,Clinton,Manhattan,52941,80213.64,30512,0.66,31,0.7964,High Connected,0.8534,High Connected,0.07,Medium Low Connected,2.3,High,4.05,High,9,High,0,Low,1,1.0,3,46,44,True,5428.0,30512,32858.0,1060.0,High,58067.0,796,593,427,648,False,2,21,1,0,High,11,197,17,0,7,44,1,52,1.71,High,0.78,High,0.16,1.0,0.0,0.87,Underground Network Areas,High,4.5,High,0.34,Medium Low,High,Low,YES,0.23,24.0,8.0,NO,NO,NO,NO,NONE,Clinton,40.7625,-73.9961,POINT (-73.9961 40.7625),121.0,Hell's Kitchen,Manhattan
MN17,Midtown-Midtown South,Manhattan,27754,25698.15,15640,1.08,46,0.8517,High Connected,0.8938,High Connected,0.05,Low Connected,2.47,High,7.55,High,15,High,0,Low,1,1.0,5,160,144,True,5733.0,15640,21169.0,460.0,Medium High,39081.0,288,308,772,0,False,0,7,2,0,High,29,836,47,1,8,130,61,229,6.3,High,1.43,High,0.11,2.0,0.0,1.0,Underground Network Areas,High,4.5,High,0.22,Low,High,Low,NO,0.0,75.0,19.0,NO,NO,NO,NO,NONE,Midtown-Midtown South,40.7549,-73.984,POINT (-73.984 40.7549),148.0,Midtown,Manhattan
MN19,Turtle Bay-East Midtown,Manhattan,50121,80840.32,29022,0.62,31,0.8651,High Connected,0.9028,High Connected,0.06,Low Connected,2.35,High,5.28,High,11,High,0,Low,1,1.0,4,111,108,True,5533.0,29022,34667.0,1118.0,High,56606.0,127,363,0,0,False,0,3,4,0,High,26,259,29,0,3,102,9,78,2.81,High,1.01,High,0.14,1.0,0.0,0.96,Underground Network Areas,High,4.5,High,0.37,Medium Low,High,Low,NO,0.0,86.0,21.0,NO,NO,NO,NO,NONE,,,,POINT EMPTY,,,
MN20,Murray Hill-Kips Bay,Manhattan,49853,95871.15,26537,0.52,25,0.8415,High Connected,0.8719,High Connected,0.07,Medium Low Connected,2.49,High,4.98,High,11,High,0,Low,1,1.0,2,82,81,True,5467.0,26537,31779.0,1271.0,High,51994.0,216,730,0,977,False,1,4,3,1,High,26,281,19,0,6,79,11,57,2.72,High,1.07,High,0.12,2.0,0.0,0.96,Underground Network Areas,High,4.5,High,0.33,Medium Low,High,Low,NO,0.0,124.0,50.0,NO,NO,NO,NO,NONE,Murray Hill-Kips Bay,40.7446,-73.978,POINT (-73.978 40.7446),137.0,Kips Bay,Manhattan
MN21,Gramercy,Manhattan,26497,98137.04,13795,0.27,14,0.8664,High Connected,0.8836,High Connected,0.07,Medium Low Connected,2.43,High,4.21,High,8,High,0,Low,1,1.0,2,51,51,True,3975.0,13795,18118.0,1294.0,High,28580.0,231,129,410,0,False,0,16,1,0,High,10,188,16,0,8,49,5,37,3.0,High,0.93,High,0.13,1.0,0.0,1.0,Underground Network Areas,High,4.5,High,0.2,Low,High,Low,YES,0.27,87.0,51.0,NO,NO,NO,NO,NONE,Gramercy,40.7379,-73.9857,POINT (-73.9857 40.7379),107.0,Gramercy,Manhattan
MN22,East Village,Manhattan,42950,110128.21,21974,0.39,17,0.684,Medium Low Connected,0.8708,High Connected,0.07,Medium Low Connected,1.96,Medium High,2.92,High,5,High,0,Low,1,1.0,3,58,54,True,2938.0,21974,24914.0,1466.0,High,44977.0,294,859,169,425,False,1,8,2,0,High,55,152,21,0,3,53,1,45,2.71,High,0.72,High,0.38,1.0,0.0,1.0,Underground Network Areas,High,4.5,High,0.27,Medium Low,High,Low,NO,0.05,142.0,68.0,NO,NO,NO,NO,NONE,East Village,40.7293,-73.9878,POINT (-73.9878 40.7293),87.0,East Village,Manhattan
MN23,West Village,Manhattan,65393,72658.89,35603,0.9,43,0.855,High Connected,0.8968,High Connected,0.07,Medium Low Connected,2.15,High,3.43,High,10,High,0,Low,1,1.0,4,49,35,True,3094.0,35603,39648.0,922.0,High,67683.0,231,299,0,0,False,0,7,1,0,High,100,298,14,0,11,23,12,151,3.79,High,0.77,High,0.29,1.0,0.0,0.92,Underground Network Areas,High,4.5,High,0.43,Medium Low,High,Low,YES,0.25,44.0,16.0,NO,NO,NO,NO,NONE,,,,POINT EMPTY,,,
MN24,SoHo-TriBeCa-Civic Center-Little Italy,Manhattan,43835,48705.56,19962,0.9,43,0.8245,High Connected,0.8785,High Connected,0.06,Medium Low Connected,1.81,Medium Low,3.95,High,13,High,0,Low,1,1.0,3,58,35,True,4070.0,19962,23956.0,557.0,Medium High,46753.0,180,1195,0,0,False,0,8,29,2,High,119,222,14,0,32,35,21,130,3.51,High,1.29,High,0.43,2.0,0.0,0.95,Underground Network Areas,High,4.5,High,0.25,Low,High,Low,YES,0.27,28.0,13.0,NO,NO,NO,NO,NONE,SoHo-TriBeCa-Civic Center-Little Italy,40.7204,-74.0014,POINT (-74.0014 40.7204),179.0,SoHo,Manhattan
MN25,Battery Park City-Lower Manhattan,Manhattan,46466,68332.35,22194,0.68,41,0.911,High Connected,0.938,High Connected,0.04,Low Connected,2.12,High,4.75,High,13,High,0,Low,1,1.0,2,52,51,True,1231.0,22194,23187.0,566.0,Medium High,44541.0,165,491,0,0,False,0,18,4,0,High,75,155,17,0,19,4,6,136,3.46,High,1.2,High,0.33,2.0,0.09,0.8,Above and Underground Network,Average,4.5,High,0.25,Low,Average,Average,NO,0.03,56.0,36.0,NO,NO,NO,NO,NONE,Battery Park City-Lower Manhattan,40.7083,-74.0141,POINT (-74.0141 40.7083),94.0,Financial District,Manhattan
MN27,Chinatown,Manhattan,42766,82242.31,18226,0.52,35,0.5684,Low Connected,0.695,Low Connected,0.06,Low Connected,1.54,Low,2.54,High,8,High,0,Low,1,1.0,3,29,21,True,2966.0,18226,21561.0,616.0,Medium High,48741.0,808,3988,0,5780,False,12,24,16,0,High,64,206,14,0,10,14,3,62,1.86,High,0.51,High,0.54,1.0,0.0,0.97,Underground Network Areas,Average,4.5,High,0.22,Low,Average,Average,NO,0.0,79.0,52.0,NO,NO,NO,NO,NONE,,,,POINT EMPTY,,,
MN28,Lower East Side,Manhattan,68838,81950.0,31824,0.84,45,0.4776,Low Connected,0.6834,Low Connected,0.07,Medium Low Connected,1.77,Low,2.46,High,4,High,0,Low,1,1.0,10,7,0,False,2480.0,31824,34225.0,761.0,High,75559.0,2614,6606,379,23974,False,32,23,4,2,Medium High,86,36,36,1,18,0,1,89,2.0,High,0.38,Medium High,0.34,2.0,0.0,0.94,Underground Network Areas,High,4.5,High,0.37,Medium Low,High,Low,YES,0.28,32.0,10.0,YES,YES,NO,NO,High underground interference from existing utilities.,Lower East Side,40.715,-73.984,POINT (-73.984 40.715),145.0,Lower East Side,Manhattan
MN31,Lenox Hill-Roosevelt Island,Manhattan,82085,106603.9,42062,0.77,36,0.8516,High Connected,0.8754,High Connected,0.05,Low Connected,2.2,High,3.16,High,6,High,0,Low,1,0.99,6,52,43,True,1604.0,42062,44665.0,1241.0,High,81782.0,554,822,0,160,False,1,12,4,1,Medium High,70,153,30,0,10,46,6,81,2.42,High,0.42,Medium High,0.42,3.0,0.06,0.77,Above and Underground Network,High,4.5,High,0.48,Medium Low,High,Low,YES,0.05,41.0,32.0,NO,NO,NO,NO,NONE,Lenox Hill-Roosevelt Island,40.7656,-73.958,POINT (-73.958 40.7656),218.0,Upper East Side,Manhattan
MN32,Yorkville,Manhattan,78459,160120.41,41439,0.49,19,0.8504,High Connected,0.8791,High Connected,0.06,Low Connected,2.63,High,3.19,High,6,High,0,Low,1,0.96,2,14,14,True,1696.0,41439,45323.0,2385.0,High,78678.0,536,1083,65,2191,False,4,6,2,0,High,35,97,29,0,6,13,2,26,1.47,High,0.54,High,0.4,2.0,0.0,0.95,Underground Network Areas,High,4.5,High,0.48,Medium Low,High,Low,YES,0.05,42.0,20.0,NO,NO,NO,NO,NONE,,,,POINT EMPTY,,,
MN33,East Harlem South,Manhattan,58553,97588.33,24659,0.6,30,0.625,Medium Low Connected,0.7721,Medium Low Connected,0.13,High Connected,2.02,Medium High,3.05,High,6,High,0,Low,1,0.97,6,20,16,True,1067.0,24659,25699.0,857.0,High,63962.0,1291,4775,54,14463,False,25,33,3,3,High,72,81,34,0,13,14,14,36,1.67,High,0.51,High,0.76,3.0,0.0,0.97,Underground Network Areas,High,4.5,High,0.27,Medium Low,High,Low,YES,0.14,41.0,17.0,NO,NO,NO,NO,NONE,East Harlem South,40.7922,-73.944,POINT (-73.944 40.7922),80.0,East Harlem,Manhattan
MN34,East Harlem North,Manhattan,61330,69693.18,25181,0.88,49,0.5858,Low Connected,0.6833,Low Connected,0.11,Medium High Connected,1.71,Low,2.73,High,5,High,0,Low,1,0.95,9,65,38,True,724.0,25181,25665.0,524.0,Medium High,71957.0,1654,6113,572,18670,False,24,28,8,0,Medium High,84,64,28,0,32,28,30,33,1.29,High,0.34,Medium High,0.98,2.0,0.07,0.94,Above and Underground Network,Average,4.5,High,0.26,Medium Low,Average,Average,YES,0.61,50.0,21.0,NO,NO,NO,NO,NONE,East Harlem North,40.7981,-73.9346,POINT (-73.9346 40.7981),80.0,East Harlem,Manhattan
MN35,Washington Heights North,Manhattan,72175,89104.94,26316,0.81,28,0.724,Medium High Connected,0.8027,Medium High Connected,0.11,Medium High Connected,1.63,Low,2.49,High,5,High,0,Low,1,0.96,1,25,22,True,735.0,26316,26735.0,955.0,High,68874.0,741,4726,0,0,False,0,22,2,0,Medium Low,48,96,24,0,17,20,8,15,0.82,Medium High,0.38,Medium High,1.0,2.0,0.0,0.88,Above and Underground Network,High,4.5,High,0.29,Medium Low,High,Low,YES,0.41,58.0,36.0,NO,NO,NO,NO,NONE,Washington Heights North,40.8467,-73.9389,POINT (-73.9389 40.8467),222.0,Washington Heights,Manhattan
MN36,Washington Heights South,Manhattan,91865,110680.72,30516,0.83,46,0.6704,Medium Low Connected,0.8002,Medium Low Connected,0.1,Medium High Connected,1.49,Low,2.38,High,4,High,0,Low,1,0.98,6,48,34,True,862.0,30516,30984.0,674.0,High,84565.0,1765,5963,316,1685,False,6,18,2,1,High,65,120,36,0,29,34,16,36,1.13,High,0.33,Medium High,1.0,2.0,0.03,0.93,Above and Underground Network,Average,4.5,High,0.32,Medium Low,Average,Average,YES,0.31,17.0,8.0,NO,NO,NO,NO,NONE,Washington Heights South,40.8347,-73.9394,POINT (-73.9394 40.8347),222.0,Washington Heights,Manhattan
MN40,Upper East Side-Carnegie Hill,Manhattan,54413,75573.61,27065,0.72,40,0.8638,High Connected,0.8857,High Connected,0.06,Medium Low Connected,2.48,High,3.92,High,10,High,0,Low,1,1.0,1,54,51,True,2024.0,27065,30788.0,770.0,High,60923.0,89,777,0,0,False,0,7,1,0,High,104,315,6,0,9,46,10,110,3.0,High,0.66,High,0.58,3.0,0.0,1.0,Underground Network Areas,High,4.5,High,0.33,Medium Low,High,Low,YES,0.12,43.0,34.0,YES,YES,NO,NO,High underground interference from existing utilities.,Upper East Side-Carnegie Hill,40.7759,-73.947,POINT (-73.947 40.7759),218.0,Upper East Side,Manhattan
MN50,Stuyvesant Town-Cooper Village,Manhattan,22335,111675.0,10501,0.2,10,0.8444,High Connected,0.8867,High Connected,0.04,Low Connected,2.12,High,2.41,High,5,High,0,Low,1,1.0,0,0,0,False,1746.0,10501,12180.0,1218.0,High,20913.0,69,183,0,0,False,0,0,0,0,Low,4,3,17,0,2,0,0,13,1.3,High,0.34,Medium High,0.35,1.0,0.0,0.9,Underground Network Areas,High,4.5,High,0.13,Low,High,Low,YES,0.44,25.0,8.0,NO,NO,NO,NO,NONE,Stuyvesant Town-Cooper Village,40.7317,-73.9783,POINT (-73.9783 40.7317),203.0,Stuyvesant Town,Manhattan
MN99,park-cemetery-etc-Manhattan,Manhattan,2033,619.82,0,3.28,97,0.0,Low Connected,0.0,Low Connected,0.0,Low Connected,0.87,Low,1.69,Medium High,4,High,0,Low,1,0.61,1,44,0,False,,0,,,,,0,0,0,0,,0,0,2,0,None,41,18,8,0,0,0,44,60,1.07,Medium High,,,,,,,,,,,,,,,,,,,,,,,,park-cemetery-etc-Manhattan,40.7831,-73.9712,POINT (-73.9712 40.7831),219.0,Upper West Side,Manhattan
